<?xml version="1.0" encoding="UTF-8"?>
<Categories>
    <Category displayOrder="0" name="Account" treePosition="ACCT" isActive="true"/>
    <Category displayOrder="20" name="Actuals" treePosition="ACCT_ACTL" isActive="true"/>
    <Category displayOrder="0" name="Matter Specific"
        treePosition="ACCT_ACTL_MATT" isActive="true"/>
    <Category displayOrder="60" name="Internal Expenses"
        treePosition="ACCT_ACTL_MATT_INEX" isActive="true"/>
    <Category displayOrder="0" name="Annual"
        treePosition="ACCT_ACTL_MATT_INEX_ANNL" isActive="true"/>
    <Category displayOrder="2" name="Monthly"
        treePosition="ACCT_ACTL_MATT_INEX_MONT" isActive="true"/>
    <Category displayOrder="1" name="Quarterly"
        treePosition="ACCT_ACTL_MATT_INEX_QART" isActive="true"/>
    <Category displayOrder="50" name="Internal Fees"
        treePosition="ACCT_ACTL_MATT_INFE" isActive="true"/>
    <Category displayOrder="0" name="Annual"
        treePosition="ACCT_ACTL_MATT_INFE_ANNL" isActive="true"/>
    <Category displayOrder="2" name="Monthly"
        treePosition="ACCT_ACTL_MATT_INFE_MONT" isActive="true"/>
    <Category displayOrder="1" name="Quarterly"
        treePosition="ACCT_ACTL_MATT_INFE_QART" isActive="true"/>
    <Category displayOrder="20" name="OC Expenses"
        treePosition="ACCT_ACTL_MATT_OCEX" isActive="true"/>
    <Category displayOrder="0" name="Annual"
        treePosition="ACCT_ACTL_MATT_OCEX_ANNL" isActive="true"/>
    <Category displayOrder="2" name="Monthly"
        treePosition="ACCT_ACTL_MATT_OCEX_MONT" isActive="true"/>
    <Category displayOrder="1" name="Quarterly"
        treePosition="ACCT_ACTL_MATT_OCEX_QART" isActive="true"/>
    <Category displayOrder="10" name="OC Fees"
        treePosition="ACCT_ACTL_MATT_OCFE" isActive="true"/>
    <Category displayOrder="0" name="Annual"
        treePosition="ACCT_ACTL_MATT_OCFE_ANNL" isActive="true"/>
    <Category displayOrder="2" name="Monthly"
        treePosition="ACCT_ACTL_MATT_OCFE_MONT" isActive="true"/>
    <Category displayOrder="1" name="Quarterly"
        treePosition="ACCT_ACTL_MATT_OCFE_QART" isActive="true"/>
    <Category displayOrder="70" name="Settlement/Award"
        treePosition="ACCT_ACTL_MATT_STAW" isActive="true"/>
    <Category displayOrder="80" name="Total Matter"
        treePosition="ACCT_ACTL_MATT_TOMT" isActive="true"/>
    <Category displayOrder="40" name="Vendor/Expert Expenses"
        treePosition="ACCT_ACTL_MATT_VEEX" isActive="true"/>
    <Category displayOrder="0" name="Annual"
        treePosition="ACCT_ACTL_MATT_VEEX_ANNL" isActive="true"/>
    <Category displayOrder="2" name="Monthly"
        treePosition="ACCT_ACTL_MATT_VEEX_MONT" isActive="true"/>
    <Category displayOrder="1" name="Quarterly"
        treePosition="ACCT_ACTL_MATT_VEEX_QART" isActive="true"/>
    <Category displayOrder="30" name="Vendor/Expert Fees"
        treePosition="ACCT_ACTL_MATT_VEFE" isActive="true"/>
    <Category displayOrder="0" name="Annual"
        treePosition="ACCT_ACTL_MATT_VEFE_ANNL" isActive="true"/>
    <Category displayOrder="2" name="Monthly"
        treePosition="ACCT_ACTL_MATT_VEFE_MONT" isActive="true"/>
    <Category displayOrder="1" name="Quarterly"
        treePosition="ACCT_ACTL_MATT_VEFE_QART" isActive="true"/>
    <Category displayOrder="1" name="Vendor Specific"
        treePosition="ACCT_ACTL_MVSC" isActive="true"/>
    <Category displayOrder="20" name="OC Expenses"
        treePosition="ACCT_ACTL_MVSC_OCEX" isActive="true"/>
    <Category displayOrder="0" name="Annual"
        treePosition="ACCT_ACTL_MVSC_OCEX_ANNL" isActive="true"/>
    <Category displayOrder="2" name="Monthly"
        treePosition="ACCT_ACTL_MVSC_OCEX_MONT" isActive="true"/>
    <Category displayOrder="1" name="Quarterly"
        treePosition="ACCT_ACTL_MVSC_OCEX_QART" isActive="true"/>
    <Category displayOrder="10" name="OC Fees"
        treePosition="ACCT_ACTL_MVSC_OCFE" isActive="true"/>
    <Category displayOrder="0" name="Annual"
        treePosition="ACCT_ACTL_MVSC_OCFE_ANNL" isActive="true"/>
    <Category displayOrder="2" name="Monthly"
        treePosition="ACCT_ACTL_MVSC_OCFE_MONT" isActive="true"/>
    <Category displayOrder="1" name="Quarterly"
        treePosition="ACCT_ACTL_MVSC_OCFE_QART" isActive="true"/>
    <Category displayOrder="10" name="Allocated"
        treePosition="ACCT_ALLC" isActive="true"/>
    <Category displayOrder="0" name="Matter Specific"
        treePosition="ACCT_ALLC_MATT" isActive="true"/>
    <Category displayOrder="60" name="Internal Expenses"
        treePosition="ACCT_ALLC_MATT_INEX" isActive="true"/>
    <Category displayOrder="10" name="Annual"
        treePosition="ACCT_ALLC_MATT_INEX_ANNL" isActive="true"/>
    <Category displayOrder="30" name="Monthly"
        treePosition="ACCT_ALLC_MATT_INEX_MONT" isActive="true"/>
    <Category displayOrder="20" name="Quarterly"
        treePosition="ACCT_ALLC_MATT_INEX_QART" isActive="true"/>
    <Category displayOrder="50" name="Internal Fees"
        treePosition="ACCT_ALLC_MATT_INFE" isActive="true"/>
    <Category displayOrder="10" name="Annual"
        treePosition="ACCT_ALLC_MATT_INFE_ANNL" isActive="true"/>
    <Category displayOrder="30" name="Monthly"
        treePosition="ACCT_ALLC_MATT_INFE_MONT" isActive="true"/>
    <Category displayOrder="20" name="Quarterly"
        treePosition="ACCT_ALLC_MATT_INFE_QART" isActive="true"/>
    <Category displayOrder="20" name="OC Expenses"
        treePosition="ACCT_ALLC_MATT_OCEX" isActive="true"/>
    <Category displayOrder="10" name="Annual"
        treePosition="ACCT_ALLC_MATT_OCEX_ANNL" isActive="true"/>
    <Category displayOrder="30" name="Monthly"
        treePosition="ACCT_ALLC_MATT_OCEX_MONT" isActive="true"/>
    <Category displayOrder="20" name="Quarterly"
        treePosition="ACCT_ALLC_MATT_OCEX_QART" isActive="true"/>
    <Category displayOrder="10" name="OC Fees"
        treePosition="ACCT_ALLC_MATT_OCFE" isActive="true"/>
    <Category displayOrder="10" name="Annual"
        treePosition="ACCT_ALLC_MATT_OCFE_ANNL" isActive="true"/>
    <Category displayOrder="30" name="Monthly"
        treePosition="ACCT_ALLC_MATT_OCFE_MONT" isActive="true"/>
    <Category displayOrder="20" name="Quarterly"
        treePosition="ACCT_ALLC_MATT_OCFE_QART" isActive="true"/>
    <Category displayOrder="70" name="Settlement/Award"
        treePosition="ACCT_ALLC_MATT_STAW" isActive="true"/>
    <Category displayOrder="80" name="Total Matter"
        treePosition="ACCT_ALLC_MATT_TOMT" isActive="true"/>
    <Category displayOrder="40" name="Vendor/Expert Expenses"
        treePosition="ACCT_ALLC_MATT_VEEX" isActive="true"/>
    <Category displayOrder="10" name="Annual"
        treePosition="ACCT_ALLC_MATT_VEEX_ANNL" isActive="true"/>
    <Category displayOrder="30" name="Monthly"
        treePosition="ACCT_ALLC_MATT_VEEX_MONT" isActive="true"/>
    <Category displayOrder="20" name="Quarterly"
        treePosition="ACCT_ALLC_MATT_VEEX_QART" isActive="true"/>
    <Category displayOrder="30" name="Vendor/Expert Fees"
        treePosition="ACCT_ALLC_MATT_VEFE" isActive="true"/>
    <Category displayOrder="10" name="Annual"
        treePosition="ACCT_ALLC_MATT_VEFE_ANNL" isActive="true"/>
    <Category displayOrder="30" name="Monthly"
        treePosition="ACCT_ALLC_MATT_VEFE_MONT" isActive="true"/>
    <Category displayOrder="20" name="Quarterly"
        treePosition="ACCT_ALLC_MATT_VEFE_QART" isActive="true"/>
    <Category displayOrder="1" name="Vendor Specific"
        treePosition="ACCT_ALLC_MVED" isActive="true"/>
    <Category displayOrder="20" name="OC Expenses"
        treePosition="ACCT_ALLC_MVED_OCEX" isActive="true"/>
    <Category displayOrder="10" name="Annual"
        treePosition="ACCT_ALLC_MVED_OCEX_ANNL" isActive="true"/>
    <Category displayOrder="30" name="Monthly"
        treePosition="ACCT_ALLC_MVED_OCEX_MONT" isActive="true"/>
    <Category displayOrder="20" name="Quarterly"
        treePosition="ACCT_ALLC_MVED_OCEX_QART" isActive="true"/>
    <Category displayOrder="10" name="OC Fees"
        treePosition="ACCT_ALLC_MVED_OCFE" isActive="true"/>
    <Category displayOrder="10" name="Annual"
        treePosition="ACCT_ALLC_MVED_OCFE_ANNL" isActive="true"/>
    <Category displayOrder="30" name="Monthly"
        treePosition="ACCT_ALLC_MVED_OCFE_MONT" isActive="true"/>
    <Category displayOrder="20" name="Quarterly"
        treePosition="ACCT_ALLC_MVED_OCFE_QART" isActive="true"/>
    <Category displayOrder="0" name="Shadow Invoice"
        treePosition="ACCT_SDIN" isActive="true"/>
</Categories>
