<?xml version="1.0" encoding="UTF-8"?>
<Categories>
    <Category displayOrder="0" name="Dispute" treePosition="DISP" isActive="true"/>
    <Category displayOrder="10"
        name="**Activity Type (must select one)**"
        treePosition="DISP_ACTY" isActive="true"/>
    <Category displayOrder="20" name="Agency Action"
        treePosition="DISP_AGAC" isActive="true"/>
    <Category displayOrder="0" name="Anti-trust"
        treePosition="DISP_ANTI" isActive="true"/>
    <Category displayOrder="20" name="Arbitration"
        treePosition="DISP_ARBI" isActive="true"/>
    <Category displayOrder="0" name="Bankruptcy"
        treePosition="DISP_BANK" isActive="false"/>
    <Category displayOrder="0" name="Automatic Stay"
        treePosition="DISP_BANK_AUST" isActive="false"/>
    <Category displayOrder="0" name="Chapter 7"
        treePosition="DISP_BANK_CH07" isActive="false"/>
    <Category displayOrder="0" name="Chapter 11"
        treePosition="DISP_BANK_CH11" isActive="false"/>
    <Category displayOrder="0" name="Chapter 13"
        treePosition="DISP_BANK_CH13" isActive="false"/>
    <Category displayOrder="0" name="Creditors Rights and Preferences"
        treePosition="DISP_BANK_CRPR" isActive="false"/>
    <Category displayOrder="0" name="Workout"
        treePosition="DISP_BANK_WORK" isActive="false"/>
    <Category displayOrder="0" name="Commercial"
        treePosition="DISP_COMM" isActive="true"/>
    <Category displayOrder="0" name="Contracts" treePosition="DISP_CONT" isActive="false"/>
    <Category displayOrder="0" name="Breach of Contract"
        treePosition="DISP_CONT_BRCO" isActive="false"/>
    <Category displayOrder="0" name="Breach of Warranty"
        treePosition="DISP_CONT_BRWA" isActive="false"/>
    <Category displayOrder="0" name="Confidentiality Breach"
        treePosition="DISP_CONT_COBR" isActive="false"/>
    <Category displayOrder="0" name="Employment"
        treePosition="DISP_EMPL" isActive="true"/>
    <Category displayOrder="0"
        name="ADA (Americans with Disabilities Acts)"
        treePosition="DISP_EMPL_ADA1" isActive="true"/>
    <Category displayOrder="0" name="Benefits Related"
        treePosition="DISP_EMPL_BERE" isActive="true"/>
    <Category displayOrder="0" name="Compensation"
        treePosition="DISP_EMPL_COMP" isActive="true"/>
    <Category displayOrder="0" name="Demotion"
        treePosition="DISP_EMPL_DEMO" isActive="true"/>
    <Category displayOrder="0" name="Discipline"
        treePosition="DISP_EMPL_DISC" isActive="true"/>
    <Category displayOrder="0" name="Discrimination"
        treePosition="DISP_EMPL_DSCR" isActive="true"/>
    <Category displayOrder="0" name="Age"
        treePosition="DISP_EMPL_DSCR_AGE1" isActive="true"/>
    <Category displayOrder="0" name="Disability"
        treePosition="DISP_EMPL_DSCR_DISA" isActive="true"/>
    <Category displayOrder="0" name="National Origin"
        treePosition="DISP_EMPL_DSCR_NAOR" isActive="true"/>
    <Category displayOrder="0" name="Pregnancy"
        treePosition="DISP_EMPL_DSCR_PREG" isActive="true"/>
    <Category displayOrder="0" name="Race"
        treePosition="DISP_EMPL_DSCR_RACE" isActive="true"/>
    <Category displayOrder="0" name="Religion"
        treePosition="DISP_EMPL_DSCR_RELI" isActive="true"/>
    <Category displayOrder="0" name="Sex"
        treePosition="DISP_EMPL_DSCR_SEX1" isActive="true"/>
    <Category displayOrder="0" name="FLSA (Fair Labor Standards Act)"
        treePosition="DISP_EMPL_FLSA" isActive="true"/>
    <Category displayOrder="0" name="FMLA (Family Medical Leave Act)"
        treePosition="DISP_EMPL_FMLA" isActive="true"/>
    <Category displayOrder="0" name="General/Research"
        treePosition="DISP_EMPL_GERE" isActive="true"/>
    <Category displayOrder="0" name="Harassment"
        treePosition="DISP_EMPL_HARR" isActive="true"/>
    <Category displayOrder="0"
        name="NLRB (National Labors Relation Board)"
        treePosition="DISP_EMPL_NLRB" isActive="true"/>
    <Category displayOrder="0" name="Other"
        treePosition="DISP_EMPL_OTHR" isActive="true"/>
    <Category displayOrder="0" name="Retaliation"
        treePosition="DISP_EMPL_RETA" isActive="true"/>
    <Category displayOrder="0" name="Suspension"
        treePosition="DISP_EMPL_SUSP" isActive="true"/>
    <Category displayOrder="0" name="Work Condition/Environment"
        treePosition="DISP_EMPL_WKCE" isActive="true"/>
    <Category displayOrder="0" name="Workers Compensation"
        treePosition="DISP_EMPL_WOCO" isActive="true"/>
    <Category displayOrder="0" name="Wrongful Termination"
        treePosition="DISP_EMPL_WRTE" isActive="true"/>
    <Category displayOrder="0" name="Environmental"
        treePosition="DISP_ENVR" isActive="true"/>
    <Category displayOrder="0" name="Air Quality"
        treePosition="DISP_ENVR_AIQU" isActive="true"/>
    <Category displayOrder="0" name="Audits"
        treePosition="DISP_ENVR_AUDT" isActive="true"/>
    <Category displayOrder="0" name="Hazardous Waste"
        treePosition="DISP_ENVR_HAWA" isActive="true"/>
    <Category displayOrder="0" name="Land Use"
        treePosition="DISP_ENVR_LAUS" isActive="true"/>
    <Category displayOrder="0" name="Other"
        treePosition="DISP_ENVR_OTHR" isActive="true"/>
    <Category displayOrder="0" name="Permits"
        treePosition="DISP_ENVR_PRMT" isActive="true"/>
    <Category displayOrder="0" name="Regulatory Compliance"
        treePosition="DISP_ENVR_RECO" isActive="true"/>
    <Category displayOrder="0" name="Remediation Site"
        treePosition="DISP_ENVR_RESI" isActive="true"/>
    <Category displayOrder="0" name="Spill"
        treePosition="DISP_ENVR_SPIL" isActive="true"/>
    <Category displayOrder="0" name="Studies"
        treePosition="DISP_ENVR_STUD" isActive="true"/>
    <Category displayOrder="0" name="Water Run-off"
        treePosition="DISP_ENVR_WARO" isActive="true"/>
    <Category displayOrder="0" name="Water"
        treePosition="DISP_ENVR_WATR" isActive="true"/>
    <Category displayOrder="20" name="Claim" treePosition="DISP_GLCL" isActive="true"/>
    <Category displayOrder="0" name="Asbestos"
        treePosition="DISP_GLCL_ASBE" isActive="true"/>
    <Category displayOrder="0" name="Bodily Injury"
        treePosition="DISP_GLCL_BOIN" isActive="true"/>
    <Category displayOrder="0" name="Business Torts"
        treePosition="DISP_GLCL_BUTO" isActive="true"/>
    <Category displayOrder="0" name="General"
        treePosition="DISP_GLCL_GENE" isActive="true"/>
    <Category displayOrder="0" name="Property Damage"
        treePosition="DISP_GLCL_PRDA" isActive="true"/>
    <Category displayOrder="0" name="Premise"
        treePosition="DISP_GLCL_PREM" isActive="true"/>
    <Category displayOrder="0" name="Product Liability"
        treePosition="DISP_GLCL_PRLI" isActive="true"/>
    <Category displayOrder="0"
        name="Government Investigation / Subpoena"
        treePosition="DISP_GOVT" isActive="true"/>
    <Category displayOrder="20" name="Grievance Arbitration"
        treePosition="DISP_GRAR" isActive="true"/>
    <Category displayOrder="20" name="Internal Investigation"
        treePosition="DISP_ININ" isActive="true"/>
    <Category displayOrder="0" name="Intellectual Property"
        treePosition="DISP_INPR" isActive="true"/>
    <Category displayOrder="0" name="Infringement"
        treePosition="DISP_INPR_INFR" isActive="true"/>
    <Category displayOrder="0" name="Copyright"
        treePosition="DISP_INPR_INFR_COPY" isActive="true"/>
    <Category displayOrder="0" name="Patent"
        treePosition="DISP_INPR_INFR_PATE" isActive="true"/>
    <Category displayOrder="0" name="Trademark"
        treePosition="DISP_INPR_INFR_TRAD" isActive="true"/>
    <Category displayOrder="0" name="Patent Interferences"
        treePosition="DISP_INPR_PAIN" isActive="true"/>
    <Category displayOrder="0" name="Patent Opposition"
        treePosition="DISP_INPR_PAOP" isActive="true"/>
    <Category displayOrder="0" name="Trademark Opposition"
        treePosition="DISP_INPR_TROP" isActive="true"/>
    <Category displayOrder="0" name="Trade Secret"
        treePosition="DISP_INPR_TRSE" isActive="true"/>
    <Category displayOrder="0" name="Unsolicited Ideas"
        treePosition="DISP_INPR_UNID" isActive="true"/>
    <Category displayOrder="0" name="Labor / Union Activity"
        treePosition="DISP_LUAC" isActive="true"/>
    <Category displayOrder="20" name="Lawsuit" treePosition="DISP_LWST" isActive="true"/>
    <Category displayOrder="-10"
        name="**Matter Type (must select one)**"
        treePosition="DISP_MATT" isActive="true"/>
    <Category displayOrder="5" name="Miscellaneous"
        treePosition="DISP_MISC" isActive="true"/>
    <Category displayOrder="1" name="Breach of Contract"
        treePosition="DISP_MISC_BRCT" isActive="true"/>
    <Category displayOrder="2" name="Personal Injury"
        treePosition="DISP_MISC_PERI" isActive="true"/>
    <Category displayOrder="3" name="Site Services"
        treePosition="DISP_MISC_SITE" isActive="true"/>
    <Category displayOrder="25" name="Other Activity Type"
        treePosition="DISP_OTAT" isActive="true"/>
    <Category displayOrder="0" name="Product Liability"
        treePosition="DISP_PROD" isActive="true"/>
    <Category displayOrder="0" name="Regulatory"
        treePosition="DISP_RECO" isActive="true"/>
    <Category displayOrder="0" name="Antitrust"
        treePosition="DISP_RECO_ANTI" isActive="true"/>
    <Category displayOrder="0" name="Board of Directors"
        treePosition="DISP_RECO_BODI" isActive="true"/>
    <Category displayOrder="0" name="Business Conduct"
        treePosition="DISP_RECO_BUCO" isActive="true"/>
    <Category displayOrder="0" name="Conflict of Interest"
        treePosition="DISP_RECO_COIN" isActive="true"/>
    <Category displayOrder="0" name="Deregulation"
        treePosition="DISP_RECO_DERE" isActive="true"/>
    <Category displayOrder="0" name="Equal Credit Opportunity Act"
        treePosition="DISP_RECO_ECOA" isActive="true"/>
    <Category displayOrder="0" name="Environmental"
        treePosition="DISP_RECO_ENVI" isActive="true"/>
    <Category displayOrder="0" name="General Corporate"
        treePosition="DISP_RECO_GECO" isActive="true"/>
    <Category displayOrder="0" name="Internal/External Compliance Audit"
        treePosition="DISP_RECO_IECA" isActive="true"/>
    <Category displayOrder="0" name="Interstate Land Sales Act"
        treePosition="DISP_RECO_ILSA" isActive="true"/>
    <Category displayOrder="0" name="Import/Export"
        treePosition="DISP_RECO_IMEX" isActive="true"/>
    <Category displayOrder="0" name="Insurance"
        treePosition="DISP_RECO_INSU" isActive="true"/>
    <Category displayOrder="0" name="International"
        treePosition="DISP_RECO_INTE" isActive="true"/>
    <Category displayOrder="0" name="Labor and Benefits"
        treePosition="DISP_RECO_LABE" isActive="true"/>
    <Category displayOrder="0" name="Money Laundering"
        treePosition="DISP_RECO_MOLA" isActive="true"/>
    <Category displayOrder="0" name="Privacy Acts/Issues"
        treePosition="DISP_RECO_PRAC" isActive="true"/>
    <Category displayOrder="0" name="Product Quality"
        treePosition="DISP_RECO_PRQU" isActive="true"/>
    <Category displayOrder="0" name="Publication"
        treePosition="DISP_RECO_PUBL" isActive="true"/>
    <Category displayOrder="0" name="Sarbanes Oxley"
        treePosition="DISP_RECO_SAOX" isActive="true"/>
    <Category displayOrder="0" name="SEC Filings"
        treePosition="DISP_RECO_SECF" isActive="true"/>
    <Category displayOrder="0" name="Securities"
        treePosition="DISP_RECO_SECU" isActive="true"/>
    <Category displayOrder="0" name="Subpoena (i.e. Third Party)"
        treePosition="DISP_SUBP" isActive="true"/>
    <Category displayOrder="0" name="Uncategorized"
        treePosition="DISP_UNCA" isActive="false"/>
</Categories>
