<?xml version="1.0" encoding="UTF-8"?>
<WFObjdCategory treePosition="DISP">
    <CustomFields>
        <CustomField name="AdditionalEntitiesDI" detailFieldTypeIID="10"
            extraInfo="If additional OPU's, go to Involved"
            isRequired="false" isDataMart="false" isTimeZoneIndependent="false"/>
        <CustomField name="AgainstClmntorRspndntDI"
            detailFieldTypeIID="6"
            extraInfo="Against Claimant or Respondent"
            isRequired="false" isDataMart="true"
            isTimeZoneIndependent="false" table="CLRE"/>
        <CustomField name="AggMatterDI" defaultValue="Unchecked"
            detailFieldTypeIID="5" extraInfo="Aggregate Matter?"
            isRequired="false" isDataMart="true" isTimeZoneIndependent="false"/>
        <CustomField name="AttorneysFeeAwardedDI" detailFieldTypeIID="2"
            extraInfo="Attorney's Fee Awarded" isRequired="false"
            isDataMart="true" isTimeZoneIndependent="false"/>
        <CustomField name="BillableTypeDI" detailFieldTypeIID="6"
            extraInfo="Billable Type" isRequired="false"
            isDataMart="true" isTimeZoneIndependent="false" table="BIBT"/>
        <CustomField name="BillingArgDI" detailFieldTypeIID="6"
            extraInfo="Billing Arrangement Type" isRequired="false"
            isDataMart="true" isTimeZoneIndependent="false" table="BIBA"/>
        <CustomField name="BudgetAdjustmentsHiddenFieldDI"
            detailFieldTypeIID="9"
            extraInfo="Budget Adjustments Hidden Field"
            isRequired="false" isDataMart="false" isTimeZoneIndependent="false"/>
        <CustomField name="BudgetModeHiddenFieldDI"
            detailFieldTypeIID="1" extraInfo="Budget Mode Hidden Field"
            isRequired="false" isDataMart="false" isTimeZoneIndependent="false"/>
        <CustomField name="BudgetOCExpensesHiddenFieldDI"
            defaultValue="Unchecked" detailFieldTypeIID="5"
            extraInfo="Budget OC Expenses Hidden Field"
            isRequired="false" isDataMart="false" isTimeZoneIndependent="false"/>
        <CustomField name="BudgetOCFeesHiddenFieldDI"
            defaultValue="Unchecked" detailFieldTypeIID="5"
            extraInfo="Budget OC Fees Hidden Field" isRequired="false"
            isDataMart="false" isTimeZoneIndependent="false"/>
        <CustomField name="BudgetSelectionHiddenFieldDI"
            detailFieldTypeIID="9"
            extraInfo="Budget Selection Hidden Field" isRequired="false"
            isDataMart="false" isTimeZoneIndependent="false"/>
        <CustomField name="CompensatoryFeesAwardedDI"
            detailFieldTypeIID="2" extraInfo="Compensatory Fees Awarded"
            isRequired="false" isDataMart="true" isTimeZoneIndependent="false"/>
        <CustomField name="CorrectiveActionDeadlineDI"
            detailFieldTypeIID="3"
            extraInfo="Corrective Action Deadline" isRequired="false"
            isDataMart="true" isTimeZoneIndependent="false"/>
        <CustomField name="CorrectiveActionReqDI" detailFieldTypeIID="6"
            extraInfo="Corrective Action Required" isRequired="false"
            isDataMart="true" isTimeZoneIndependent="false" table="YSNO"/>
        <CustomField name="CorrectiveActionTakenDI"
            detailFieldTypeIID="9" extraInfo="Corrective Action Taken"
            isRequired="false" isDataMart="true" isTimeZoneIndependent="false"/>
        <CustomField name="CurrentStatusDI" detailFieldTypeIID="9"
            extraInfo="Status Summary" isRequired="false"
            isDataMart="true" isTimeZoneIndependent="false"/>
        <CustomField name="DispositionDateDI" detailFieldTypeIID="3"
            extraInfo="Disposition Date" isRequired="false"
            isDataMart="true" isTimeZoneIndependent="false"/>
        <CustomField name="DispositionDescriptionDI"
            detailFieldTypeIID="9" extraInfo="Disposition Description"
            isRequired="false" isDataMart="true" isTimeZoneIndependent="false"/>
        <CustomField name="DispositionTypeDI" detailFieldTypeIID="6"
            extraInfo="Disposition Type" isRequired="false"
            isDataMart="true" isTimeZoneIndependent="false" table="DITY"/>
        <CustomField name="DocketNumberDILW" detailFieldTypeIID="1"
            extraInfo="Docket Number" isRequired="false"
            isDataMart="true" isTimeZoneIndependent="false"/>
        <CustomField name="DscvrySnctnsIssdClmntDI"
            detailFieldTypeIID="2"
            extraInfo="Discovery Sanctions Issued to Claimant"
            isRequired="false" isDataMart="true" isTimeZoneIndependent="false"/>
        <CustomField name="DscvrySnctnsIssdRspndntDI"
            detailFieldTypeIID="2"
            extraInfo="Discovery Sanctions Issued to Respondent"
            isRequired="false" isDataMart="true" isTimeZoneIndependent="false"/>
        <CustomField name="FeeArrangementBIDI" detailFieldTypeIID="11"
            extraInfo="Fee Arrangement" isRequired="false"
            isDataMart="true" isTimeZoneIndependent="false"
            searchView="DefaultSearchModule" objectDefinition="VFEE"/>
        <CustomField name="GLAccountDI" detailFieldTypeIID="6"
            extraInfo="GL Account" isRequired="false" isDataMart="true"
            isTimeZoneIndependent="false" table="BIAC"/>
        <CustomField name="GroupDI" detailFieldTypeIID="6"
            extraInfo="Group" isRequired="true" isDataMart="true"
            isTimeZoneIndependent="false" table="BIGR"/>
        <CustomField name="LegalHoldDI" defaultValue="Unchecked"
            detailFieldTypeIID="5" extraInfo="Legal Hold"
            isRequired="false" isDataMart="true" isTimeZoneIndependent="false"/>
        <CustomField name="MatterDescriptionDI" detailFieldTypeIID="9"
            extraInfo="Matter Description" isRequired="true"
            isDataMart="true" isTimeZoneIndependent="false"/>
        <CustomField name="MatterSecurityDI" defaultValue="ROOT_PUBL"
            detailFieldTypeIID="6" extraInfo="Matter Security"
            isRequired="false" isDataMart="true"
            isTimeZoneIndependent="false" table="SECE"/>
        <CustomField name="MediaSensitiveMatterDI"
            detailFieldTypeIID="6" extraInfo="Media Sensitive Matter"
            isRequired="false" isDataMart="true"
            isTimeZoneIndependent="false" table="YSNO"/>
        <CustomField name="MediaStatementPreparedDI"
            detailFieldTypeIID="6" extraInfo="Public Relations Notified"
            isRequired="false" isDataMart="true"
            isTimeZoneIndependent="false" table="YSNO"/>
        <CustomField name="MediatorArbitratorFeeDI"
            detailFieldTypeIID="2"
            extraInfo="Mediator/Arbitrator Fees Awarded"
            isRequired="false" isDataMart="true" isTimeZoneIndependent="false"/>
        <CustomField name="OCAttrnsSelectionHiddenFieldDI"
            detailFieldTypeIID="1"
            extraInfo="OutsideCounsel Attorneys Selection Hidden Field"
            isRequired="false" isDataMart="false" isTimeZoneIndependent="false"/>
        <CustomField name="OCFirmSelectionHiddenFieldDI"
            detailFieldTypeIID="1"
            extraInfo="OutsideCounsel Firm Selection Hidden Field"
            isRequired="false" isDataMart="false" isTimeZoneIndependent="false"/>
        <CustomField name="OpposingPartyDI" detailFieldTypeIID="8"
            extraInfo="Opposing Party" isRequired="false"
            isDataMart="true" isTimeZoneIndependent="false" invlCategory="INPA_OPPA"/>
        <CustomField name="OpposingRepresentativeDI"
            detailFieldTypeIID="8" extraInfo="Opposing Representative"
            isRequired="false" isDataMart="true"
            isTimeZoneIndependent="false" invlCategory="INPA_OPRE"/>
        <CustomField name="OverallFiscalBudgetDI" detailFieldTypeIID="2"
            extraInfo="Overall Fiscal Budget" isRequired="false"
            isDataMart="true" isTimeZoneIndependent="false"/>
        <CustomField name="PrimaryEntityDI" detailFieldTypeIID="8"
            extraInfo="Primary OPU" isRequired="true" isDataMart="true"
            isTimeZoneIndependent="false" invlCategory="INPA_OPUU" searchView="SearchforOPU"/>
        <CustomField name="PunitiveFeesAwardedDI" detailFieldTypeIID="2"
            extraInfo="Punitive Fees Awarded" isRequired="false"
            isDataMart="true" isTimeZoneIndependent="false"/>
        <CustomField name="ReportsDI" detailFieldTypeIID="6"
            extraInfo="Include in Reports" isRequired="false"
            isDataMart="true" isTimeZoneIndependent="false" table="BIRE"/>
        <CustomField name="SignificantMatterDI" detailFieldTypeIID="6"
            extraInfo="Significant Matter" isRequired="false"
            isDataMart="true" isTimeZoneIndependent="false" table="YSNO"/>
        <CustomField name="SignificantReasonDI" detailFieldTypeIID="9"
            extraInfo="Significant Reason" isRequired="false"
            isDataMart="true" isTimeZoneIndependent="false"/>
        <CustomField name="TotalAmountDI" detailFieldTypeIID="2"
            extraInfo="Total Amount" isRequired="false"
            isDataMart="true" isTimeZoneIndependent="false"/>
        <CustomField name="TypeofDiscoverySanctionDI"
            detailFieldTypeIID="6"
            extraInfo="Type of Discovery Sanction" isRequired="false"
            isDataMart="true" isTimeZoneIndependent="false" table="SATY"/>
        <CustomField name="XtempRdgRule" defaultValue="Unchecked"
            detailFieldTypeIID="5" extraInfo="Ridgefield Group Set"
            isRequired="false" isDataMart="false" isTimeZoneIndependent="false"/>
    </CustomFields>
</WFObjdCategory>
