<?xml version="1.0" encoding="UTF-8"?>
<WFObjdCategory treePosition="DISP_GLCL">
    <CustomFields>
        <CustomField name="ClaimantDIGL" detailFieldTypeIID="8"
            extraInfo="Claimant" isRequired="false" isDataMart="true"
            isTimeZoneIndependent="false" invlCategory="INPA_OPPA_CLAI"/>
        <CustomField name="ClaimantRepresentativeDIGL"
            detailFieldTypeIID="8" extraInfo="Claimant Representative"
            isRequired="false" isDataMart="true"
            isTimeZoneIndependent="false" invlCategory="INPA_OPRE_ATTR"/>
        <CustomField name="ClaimNumberDIGL" detailFieldTypeIID="1"
            extraInfo="Claim Number" isRequired="false"
            isDataMart="true" isTimeZoneIndependent="false"/>
        <CustomField name="DateFiledDIGL" detailFieldTypeIID="3"
            extraInfo="Date Filed" isRequired="false" isDataMart="true" isTimeZoneIndependent="false"/>
        <CustomField name="DateIncidentDIGL" detailFieldTypeIID="3"
            extraInfo="Date of Incident" isRequired="false"
            isDataMart="true" isTimeZoneIndependent="false"/>
        <CustomField name="ExternalInvCompletionDateDIGL"
            detailFieldTypeIID="3"
            extraInfo="External Investigator Completion Date"
            isRequired="false" isDataMart="true" isTimeZoneIndependent="false"/>
        <CustomField name="ExternalInvestigatorDIGL"
            detailFieldTypeIID="8" extraInfo="External Investigator"
            isRequired="false" isDataMart="true"
            isTimeZoneIndependent="false" invlCategory="INPA_INVE_EXTE"/>
        <CustomField name="ExternalInvStartDateDIGL"
            detailFieldTypeIID="3"
            extraInfo="External Investigator Start Date"
            isRequired="false" isDataMart="true" isTimeZoneIndependent="false"/>
        <CustomField name="IncidentFactsDIGL" detailFieldTypeIID="9"
            extraInfo="Incident Facts" isRequired="false"
            isDataMart="true" isTimeZoneIndependent="false"/>
        <CustomField name="IncidentLocationDIGL" detailFieldTypeIID="1"
            extraInfo="Product" isRequired="false" isDataMart="true" isTimeZoneIndependent="false"/>
        <CustomField name="InternalInvCompletionDateDIGL"
            detailFieldTypeIID="3"
            extraInfo="Internal Investigator Completion Date"
            isRequired="false" isDataMart="true" isTimeZoneIndependent="false"/>
        <CustomField name="InternalInvestigatorDIGL"
            detailFieldTypeIID="8" extraInfo="Internal Investigator"
            isRequired="false" isDataMart="true"
            isTimeZoneIndependent="false" invlCategory="INPA_INVE_INTE"/>
        <CustomField name="InternalInvStartDateDIGL"
            detailFieldTypeIID="3"
            extraInfo="Internal Investigator Start Date"
            isRequired="false" isDataMart="true" isTimeZoneIndependent="false"/>
        <CustomField name="InvestigationResultsDIGL"
            detailFieldTypeIID="9" extraInfo="Investigation Results"
            isRequired="false" isDataMart="true" isTimeZoneIndependent="false"/>
        <CustomField name="NewOpposingPartyDIGL" detailFieldTypeIID="10"
            extraInfo="New Opposing Party" isRequired="false"
            isDataMart="false" isTimeZoneIndependent="false"/>
    </CustomFields>
</WFObjdCategory>
