<?xml version="1.0" encoding="UTF-8"?>
<WFObjdCategory treePosition="DISP_RECO">
    <CustomFields>
        <CustomField name="AgencyChargeNumberDIRE"
            detailFieldTypeIID="1" extraInfo="Agency Charge Number"
            isRequired="false" isDataMart="true" isTimeZoneIndependent="false"/>
        <CustomField name="AgencyDIRE" detailFieldTypeIID="8"
            extraInfo="Agency" isRequired="false" isDataMart="true"
            isTimeZoneIndependent="false" invlCategory="INPA_AGEN"/>
        <CustomField name="AgencysRepresentativeDIRE"
            detailFieldTypeIID="8" extraInfo="Agency Representative"
            isRequired="false" isDataMart="true"
            isTimeZoneIndependent="false" invlCategory="INPA_AGRE"/>
        <CustomField name="AuditDateDIRE" detailFieldTypeIID="3"
            extraInfo="Audit Date" isRequired="false" isDataMart="true" isTimeZoneIndependent="false"/>
        <CustomField name="AuditRequiredDIRE" detailFieldTypeIID="6"
            extraInfo="Audit Required" isRequired="false"
            isDataMart="true" isTimeZoneIndependent="false" table="YSNO"/>
        <CustomField name="ComplianceOfficerDIRE" detailFieldTypeIID="8"
            extraInfo="Compliance Officer" isRequired="false"
            isDataMart="true" isTimeZoneIndependent="false" invlCategory="INPA_COOF"/>
        <CustomField name="DateFiledDIRE" detailFieldTypeIID="3"
            extraInfo="Date Filed" isRequired="false" isDataMart="true" isTimeZoneIndependent="false"/>
        <CustomField name="ExternalAuditTypeDIRE" detailFieldTypeIID="6"
            extraInfo="External Audit Type" isRequired="false"
            isDataMart="true" isTimeZoneIndependent="false" table="EXAT"/>
        <CustomField name="ExternalInvCompletionDateDIRE"
            detailFieldTypeIID="3"
            extraInfo="External Investigator Completion Date"
            isRequired="false" isDataMart="true" isTimeZoneIndependent="false"/>
        <CustomField name="ExternalInvestigatorDIRE"
            detailFieldTypeIID="8" extraInfo="External Investigator"
            isRequired="false" isDataMart="true"
            isTimeZoneIndependent="false" invlCategory="INPA_INVE_EXTE"/>
        <CustomField name="ExternalInvStartDateDIRE"
            detailFieldTypeIID="3"
            extraInfo="External Investigator Start Date"
            isRequired="false" isDataMart="true" isTimeZoneIndependent="false"/>
        <CustomField name="InternalInvCompletionDateDIRE"
            detailFieldTypeIID="3"
            extraInfo="Internal Investigator Completion Date"
            isRequired="false" isDataMart="true" isTimeZoneIndependent="false"/>
        <CustomField name="InternalInvestigatorDIRE"
            detailFieldTypeIID="8" extraInfo="Internal Investigator"
            isRequired="false" isDataMart="true"
            isTimeZoneIndependent="false" invlCategory="INPA_INVE_INTE"/>
        <CustomField name="InternalInvStartDateDIRE"
            detailFieldTypeIID="3"
            extraInfo="Internal Investigator Start Date"
            isRequired="false" isDataMart="true" isTimeZoneIndependent="false"/>
        <CustomField name="InvestigationResultsDIRE"
            detailFieldTypeIID="9" extraInfo="Investigation Results"
            isRequired="false" isDataMart="true" isTimeZoneIndependent="false"/>
        <CustomField name="IssueDescriptionDIRE" detailFieldTypeIID="9"
            extraInfo="Issue Description" isRequired="false"
            isDataMart="true" isTimeZoneIndependent="false"/>
        <CustomField name="PenaltyAmountDIRE" detailFieldTypeIID="2"
            extraInfo="Penalty Amount" isRequired="false"
            isDataMart="true" isTimeZoneIndependent="false"/>
        <CustomField name="StatusDIRE" detailFieldTypeIID="6"
            extraInfo="Status" isRequired="false" isDataMart="true"
            isTimeZoneIndependent="false" table="REIS"/>
        <CustomField name="SubjectOfInvestigationDIRE"
            detailFieldTypeIID="8" extraInfo="Subject Of Investigation"
            isRequired="false" isDataMart="true"
            isTimeZoneIndependent="false" invlCategory="INPA_ENTY"/>
    </CustomFields>
</WFObjdCategory>
