<?xml version="1.0" encoding="UTF-8"?>
<WFObjdCategory treePosition="DISP_LWST">
    <CustomFields>
        <CustomField name="AnswerDueDILW" detailFieldTypeIID="3"
            extraInfo="Answer Due" isRequired="false" isDataMart="true" isTimeZoneIndependent="false"/>
        <CustomField name="AppealAmtDILW" detailFieldTypeIID="2"
            extraInfo="Appeal Amount" isRequired="false"
            isDataMart="true" isTimeZoneIndependent="false"/>
        <CustomField name="AppealTypeDILW" detailFieldTypeIID="6"
            extraInfo="Appeal Type" isRequired="false" isDataMart="true"
            isTimeZoneIndependent="false" table="BIAP"/>
        <CustomField name="ArbitrationDateDILW" detailFieldTypeIID="3"
            extraInfo="Arbitration Date" isRequired="false"
            isDataMart="true" isTimeZoneIndependent="false"/>
        <CustomField name="CaseCaptionDILW" detailFieldTypeIID="9"
            extraInfo="Case Caption" isRequired="false"
            isDataMart="true" isTimeZoneIndependent="false"/>
        <CustomField name="CaseTypeDILW" detailFieldTypeIID="6"
            extraInfo="Case Type" isRequired="false" isDataMart="true"
            isTimeZoneIndependent="false" table="CATY"/>
        <CustomField name="ChanceWinDILW" detailFieldTypeIID="2"
            extraInfo="% Likelihood of Success" isRequired="false"
            isDataMart="true" isTimeZoneIndependent="false"/>
        <CustomField name="CounterClaimDILW" detailFieldTypeIID="6"
            extraInfo="Counter Claim" isRequired="false"
            isDataMart="true" isTimeZoneIndependent="false" table="YSNO"/>
        <CustomField name="CourtDILW" detailFieldTypeIID="8"
            extraInfo="Court" isRequired="false" isDataMart="true"
            isTimeZoneIndependent="false" invlCategory="INPA_COUR" searchView="CourtSearch"/>
        <CustomField name="CrossClaimDILW" detailFieldTypeIID="6"
            extraInfo="Cross Claim" isRequired="false" isDataMart="true"
            isTimeZoneIndependent="false" table="YSNO"/>
        <CustomField name="DateAnsweredDILW" detailFieldTypeIID="3"
            extraInfo="Date Answered" isRequired="false"
            isDataMart="true" isTimeZoneIndependent="false"/>
        <CustomField name="DateJudgmentDILW" detailFieldTypeIID="3"
            extraInfo="Date of Judgment" isRequired="false"
            isDataMart="true" isTimeZoneIndependent="false"/>
        <CustomField name="DiscoveryDeadlineDILW" detailFieldTypeIID="3"
            extraInfo="Discovery Deadline" isRequired="false"
            isDataMart="true" isTimeZoneIndependent="false"/>
        <CustomField name="DismissalDILW" detailFieldTypeIID="3"
            extraInfo="Date of Dismissal" isRequired="false"
            isDataMart="true" isTimeZoneIndependent="true"/>
        <CustomField name="DocketNumberDILW" detailFieldTypeIID="1"
            extraInfo="Docket Number" isRequired="false"
            isDataMart="true" isTimeZoneIndependent="false"/>
        <CustomField name="DocumentResponseDueDILW"
            detailFieldTypeIID="3" extraInfo="Document Response Due"
            isRequired="false" isDataMart="true" isTimeZoneIndependent="false"/>
        <CustomField name="ECADILW" detailFieldTypeIID="6"
            extraInfo="Early Case Assessment" isRequired="false"
            isDataMart="true" isTimeZoneIndependent="false" table="BIEC"/>
        <CustomField name="EstimatedVerdictDILW" detailFieldTypeIID="2"
            extraInfo="Estimated Verdict" isRequired="false"
            isDataMart="true" isTimeZoneIndependent="false"/>
        <CustomField name="ExpertDiscoveryDeadlineDILW"
            detailFieldTypeIID="3" extraInfo="Expert Discovery Deadline"
            isRequired="false" isDataMart="true" isTimeZoneIndependent="false"/>
        <CustomField name="HearingDateDILW" detailFieldTypeIID="3"
            extraInfo="Hearing Date" isRequired="false"
            isDataMart="true" isTimeZoneIndependent="false"/>
        <CustomField name="InjunctiveReliefDILW" detailFieldTypeIID="6"
            extraInfo="Injunctive Relief" isRequired="false"
            isDataMart="true" isTimeZoneIndependent="false" table="YSNO"/>
        <CustomField name="InterrogatoriesDueDILW"
            detailFieldTypeIID="3" extraInfo="Interrogatories Due"
            isRequired="false" isDataMart="true" isTimeZoneIndependent="false"/>
        <CustomField name="JudgeDILW" detailFieldTypeIID="8"
            extraInfo="Judge" isRequired="false" isDataMart="true"
            isTimeZoneIndependent="false" invlCategory="INPA_JUDG" searchView="SearchforJudges"/>
        <CustomField name="MatterCounterClaimDILW"
            detailFieldTypeIID="11"
            extraInfo="Which Matter is Counter Claim" isRequired="false"
            isDataMart="true" isTimeZoneIndependent="false" objectDefinition="DISP"/>
        <CustomField name="MatterCrossClaimDILW" detailFieldTypeIID="11"
            extraInfo="Which Matter is Cross Claim" isRequired="false"
            isDataMart="true" isTimeZoneIndependent="false" objectDefinition="DISP"/>
        <CustomField name="MatterThirdPartyClaimDILW"
            detailFieldTypeIID="11"
            extraInfo="Which Matter is Third-Party Claim"
            isRequired="false" isDataMart="true"
            isTimeZoneIndependent="false" objectDefinition="DISP"/>
        <CustomField name="MediationDateDILW" detailFieldTypeIID="3"
            extraInfo="Mediation Date" isRequired="false"
            isDataMart="true" isTimeZoneIndependent="false"/>
        <CustomField name="MotionDeadlineDILW" detailFieldTypeIID="3"
            extraInfo="Motion Deadline" isRequired="false"
            isDataMart="true" isTimeZoneIndependent="false"/>
        <CustomField name="NewJurisdictionDILW" detailFieldTypeIID="10"
            extraInfo="New Jurisdiction" isRequired="false"
            isDataMart="false" isTimeZoneIndependent="false"/>
        <CustomField name="NewOpposingPartyDILW" detailFieldTypeIID="10"
            extraInfo="New Opposing Party" isRequired="false"
            isDataMart="false" isTimeZoneIndependent="false"/>
        <CustomField name="NewOutsideCounselDILW"
            detailFieldTypeIID="10" extraInfo="New Outside Counsel"
            isRequired="false" isDataMart="false" isTimeZoneIndependent="false"/>
        <CustomField name="OpposingPartyDILW" detailFieldTypeIID="8"
            extraInfo="Opposing Party" isRequired="false"
            isDataMart="true" isTimeZoneIndependent="false" invlCategory="INPA_OPPA"/>
        <CustomField name="OurRoleDILW" defaultValue="ROOT_DEFE"
            detailFieldTypeIID="6" extraInfo="Our Role"
            isRequired="false" isDataMart="true"
            isTimeZoneIndependent="false" table="OURO"/>
        <CustomField name="PunitiveSoughtDILW" detailFieldTypeIID="6"
            extraInfo="Punitive Sought" isRequired="false"
            isDataMart="true" isTimeZoneIndependent="false" table="YSNO"/>
        <CustomField name="RangeExposureDILW" detailFieldTypeIID="6"
            extraInfo="Range of Exposure" isRequired="false"
            isDataMart="true" isTimeZoneIndependent="false" table="RAEX"/>
        <CustomField name="RequestAdmissionsDueDILW"
            detailFieldTypeIID="3"
            extraInfo="Request for Admissions Due" isRequired="false"
            isDataMart="true" isTimeZoneIndependent="false"/>
        <CustomField name="SanctionDescriptionDILW"
            detailFieldTypeIID="9" extraInfo="Sanction Description"
            isRequired="false" isDataMart="true" isTimeZoneIndependent="false"/>
        <CustomField name="SanctionsImposedDILW" detailFieldTypeIID="6"
            extraInfo="Sanctions Imposed" isRequired="false"
            isDataMart="true" isTimeZoneIndependent="false" table="YSNO"/>
        <CustomField name="SuitFiledDILW" detailFieldTypeIID="3"
            extraInfo="Suit Filed" isRequired="false" isDataMart="true" isTimeZoneIndependent="false"/>
        <CustomField name="SuitServedDILW" detailFieldTypeIID="3"
            extraInfo="Suit Served" isRequired="false" isDataMart="true" isTimeZoneIndependent="false"/>
        <CustomField name="ThirdPartyClaimDILW" detailFieldTypeIID="6"
            extraInfo="Third-Party Claim" isRequired="false"
            isDataMart="true" isTimeZoneIndependent="false" table="YSNO"/>
        <CustomField name="TrialDateDILW" detailFieldTypeIID="3"
            extraInfo="Trial Date" isRequired="false" isDataMart="true" isTimeZoneIndependent="false"/>
        <CustomField name="TrialTypeDILW" detailFieldTypeIID="6"
            extraInfo="Trial Type" isRequired="false" isDataMart="true"
            isTimeZoneIndependent="false" table="BITT"/>
    </CustomFields>
</WFObjdCategory>
