<?xml version="1.0" encoding="UTF-8"?>
<WFObjdCategory treePosition="DISP_ENVR">
    <CustomFields>
        <CustomField name="AgencyChargeNumberDIEN"
            detailFieldTypeIID="1" extraInfo="Agency Charge Number"
            isRequired="false" isDataMart="true" isTimeZoneIndependent="false"/>
        <CustomField name="AgencyDIEN" detailFieldTypeIID="8"
            extraInfo="Agency" isRequired="false" isDataMart="true"
            isTimeZoneIndependent="false" invlCategory="INPA_AGEN"/>
        <CustomField name="AgencysRepresentativeDIEN"
            detailFieldTypeIID="8" extraInfo="Agency Representative"
            isRequired="false" isDataMart="true"
            isTimeZoneIndependent="false" invlCategory="INPA_AGRE"/>
        <CustomField name="AuditDateDIEN" detailFieldTypeIID="3"
            extraInfo="Audit Date" isRequired="false" isDataMart="true" isTimeZoneIndependent="false"/>
        <CustomField name="AuditRequiredDIEN" detailFieldTypeIID="6"
            extraInfo="Audit Required" isRequired="false"
            isDataMart="true" isTimeZoneIndependent="false" table="YSNO"/>
        <CustomField name="ChemicalsPresentDIEN" detailFieldTypeIID="6"
            extraInfo="Chemicals Present" isRequired="false"
            isDataMart="true" isTimeZoneIndependent="false" table="YSNO"/>
        <CustomField name="DateFiledDIEN" detailFieldTypeIID="3"
            extraInfo="Date Filed" isRequired="false" isDataMart="true" isTimeZoneIndependent="false"/>
        <CustomField name="DateIncidentDIEN" detailFieldTypeIID="3"
            extraInfo="Date of Incident" isRequired="false"
            isDataMart="true" isTimeZoneIndependent="false"/>
        <CustomField name="EnternalInvCompletionDateDIEN"
            detailFieldTypeIID="3"
            extraInfo="External Investigator Completion Date"
            isRequired="false" isDataMart="true" isTimeZoneIndependent="false"/>
        <CustomField name="ExternalAuditTypeDIEN" detailFieldTypeIID="6"
            extraInfo="External Audit Type" isRequired="false"
            isDataMart="true" isTimeZoneIndependent="false" table="EXAT"/>
        <CustomField name="ExternalInvestigatorDIEN"
            detailFieldTypeIID="8" extraInfo="External Investigator"
            isRequired="false" isDataMart="true"
            isTimeZoneIndependent="false" invlCategory="INPA_INVE_EXTE"/>
        <CustomField name="ExternalInvStartDateDIEN"
            detailFieldTypeIID="3"
            extraInfo="External Investigator Start Date"
            isRequired="false" isDataMart="true" isTimeZoneIndependent="false"/>
        <CustomField name="IncidentFactsDIEN" detailFieldTypeIID="9"
            extraInfo="Incident Facts" isRequired="false"
            isDataMart="true" isTimeZoneIndependent="false"/>
        <CustomField name="IncidentLocationDIEN" detailFieldTypeIID="1"
            extraInfo="Incident Location" isRequired="false"
            isDataMart="true" isTimeZoneIndependent="false"/>
        <CustomField name="InjuryDamageTypeDIEN" detailFieldTypeIID="6"
            extraInfo="Damage Type" isRequired="false" isDataMart="true"
            isTimeZoneIndependent="false" table="DATY"/>
        <CustomField name="InternalContactDIEN" detailFieldTypeIID="8"
            extraInfo="Internal Contact" isRequired="false"
            isDataMart="true" isTimeZoneIndependent="false" invlCategory="INPA_INCO"/>
        <CustomField name="InternalInvCompletionDateDIEN"
            detailFieldTypeIID="3"
            extraInfo="Internal Investigator Completion Date"
            isRequired="false" isDataMart="true" isTimeZoneIndependent="false"/>
        <CustomField name="InternalInvestigatorDIEN"
            detailFieldTypeIID="8" extraInfo="Internal Investigator"
            isRequired="false" isDataMart="true"
            isTimeZoneIndependent="false" invlCategory="INPA_INVE_INTE"/>
        <CustomField name="InternalInvStartDateDIEN"
            detailFieldTypeIID="3"
            extraInfo="Internal Investigator Start Date"
            isRequired="false" isDataMart="true" isTimeZoneIndependent="false"/>
        <CustomField name="InvestigationResultsDIEN"
            detailFieldTypeIID="9" extraInfo="Investigation Results"
            isRequired="false" isDataMart="true" isTimeZoneIndependent="false"/>
        <CustomField name="NewCorrectiveActionDIEN"
            detailFieldTypeIID="10" extraInfo="Corrective Action"
            isRequired="false" isDataMart="false" isTimeZoneIndependent="false"/>
        <CustomField name="PenaltyAmountDIEN" detailFieldTypeIID="2"
            extraInfo="Penalty Amount" isRequired="false"
            isDataMart="true" isTimeZoneIndependent="false"/>
        <CustomField name="SiteDIEN" detailFieldTypeIID="8"
            extraInfo="Site" isRequired="false" isDataMart="true"
            isTimeZoneIndependent="false" invlCategory="INPA_SITE"/>
        <CustomField name="StatusDIEN" detailFieldTypeIID="6"
            extraInfo="Status" isRequired="false" isDataMart="true"
            isTimeZoneIndependent="false" table="ENIS"/>
        <CustomField name="TypeDIEN" detailFieldTypeIID="6"
            extraInfo="Type of Matter" isRequired="false"
            isDataMart="true" isTimeZoneIndependent="false" table="BIET"/>
    </CustomFields>
</WFObjdCategory>
