<?xml version="1.0" encoding="UTF-8"?>
<WFObjdCategory treePosition="DISP_EMPL">
    <CustomFields>
        <CustomField name="ADRAgreedToDIEM" detailFieldTypeIID="6"
            extraInfo="ADR Agreed To" isRequired="false"
            isDataMart="true" isTimeZoneIndependent="false" table="YSNO"/>
        <CustomField name="ADRDateDIEM" detailFieldTypeIID="3"
            extraInfo="ADR Date" isRequired="false" isDataMart="true" isTimeZoneIndependent="false"/>
        <CustomField name="ADRTypeDIEM" detailFieldTypeIID="6"
            extraInfo="ADR Type" isRequired="false" isDataMart="true"
            isTimeZoneIndependent="false" table="ADRT"/>
        <CustomField name="AgencyChargeNumberDIEM"
            detailFieldTypeIID="1" extraInfo="Agency Charge Number"
            isRequired="false" isDataMart="true" isTimeZoneIndependent="false"/>
        <CustomField name="AgencyDIEM" detailFieldTypeIID="8"
            extraInfo="Agency" isRequired="false" isDataMart="true"
            isTimeZoneIndependent="false" invlCategory="INPA_AGEN"/>
        <CustomField name="AgencyRepDIEM" detailFieldTypeIID="8"
            extraInfo="Agency Representative" isRequired="false"
            isDataMart="true" isTimeZoneIndependent="false" invlCategory="INPA_AGRE"/>
        <CustomField name="BindingArbitrationDIEM"
            detailFieldTypeIID="6" extraInfo="Binding Arbitration"
            isRequired="false" isDataMart="true"
            isTimeZoneIndependent="false" table="YSNO"/>
        <CustomField name="ClaimantDIEM" detailFieldTypeIID="8"
            extraInfo="Claimant" isRequired="false" isDataMart="true"
            isTimeZoneIndependent="false" invlCategory="INPA_OPPA_CLAI"/>
        <CustomField name="CompanyLocationDIEM" detailFieldTypeIID="1"
            extraInfo="Company Location" isRequired="false"
            isDataMart="true" isTimeZoneIndependent="false"/>
        <CustomField name="CompletionDateDIEM" detailFieldTypeIID="3"
            extraInfo="Completion Date" isRequired="false"
            isDataMart="true" isTimeZoneIndependent="false"/>
        <CustomField name="ConfidentialityAgreementDIEM"
            detailFieldTypeIID="6" extraInfo="Confidentiality Agreement"
            isRequired="false" isDataMart="true"
            isTimeZoneIndependent="false" table="YSNO"/>
        <CustomField name="DateFiledDIEM" detailFieldTypeIID="3"
            extraInfo="Date Filed" isRequired="false" isDataMart="true" isTimeZoneIndependent="false"/>
        <CustomField name="DateFirstNotifiedDIEM" detailFieldTypeIID="3"
            extraInfo="Date First Notified" isRequired="false"
            isDataMart="true" isTimeZoneIndependent="false"/>
        <CustomField name="DateIncidentDIEM" detailFieldTypeIID="3"
            extraInfo="Date of Incident" isRequired="false"
            isDataMart="true" isTimeZoneIndependent="false"/>
        <CustomField name="DateRightSueIssuedDIEM"
            detailFieldTypeIID="3" extraInfo="Date Right to Sue Issued"
            isRequired="false" isDataMart="true" isTimeZoneIndependent="false"/>
        <CustomField name="EmployeeDIEM" detailFieldTypeIID="8"
            extraInfo="Employee" isRequired="false" isDataMart="true"
            isTimeZoneIndependent="false" invlCategory="INPA_OPPA_EMPL"/>
        <CustomField name="EmployeesDesiredResolutionDIEM"
            detailFieldTypeIID="9"
            extraInfo="Employee's Desired Resolution" isRequired="false"
            isDataMart="true" isTimeZoneIndependent="false"/>
        <CustomField name="EmployeesSupervisorDIEM"
            detailFieldTypeIID="8" extraInfo="Employee's Supervisor"
            isRequired="false" isDataMart="true"
            isTimeZoneIndependent="false" invlCategory="INPA_SUPE"/>
        <CustomField name="HRRepresentativeDIEM" detailFieldTypeIID="8"
            extraInfo="HR Representative" isRequired="false"
            isDataMart="true" isTimeZoneIndependent="false" invlCategory="INPA_HURE"/>
        <CustomField name="IncidentFactsDIEM" detailFieldTypeIID="9"
            extraInfo="Incident Facts" isRequired="false"
            isDataMart="true" isTimeZoneIndependent="false"/>
        <CustomField name="IncidentLocationDIEM" detailFieldTypeIID="1"
            extraInfo="Incident Location" isRequired="false"
            isDataMart="true" isTimeZoneIndependent="false"/>
        <CustomField name="IncidentOnPremisesDIEM"
            detailFieldTypeIID="6" extraInfo="Incident on Premises"
            isRequired="false" isDataMart="true"
            isTimeZoneIndependent="false" table="YSNO"/>
        <CustomField name="InvestigationContactDIEM"
            detailFieldTypeIID="8" extraInfo="Investigation Contact"
            isRequired="false" isDataMart="true"
            isTimeZoneIndependent="false" invlCategory="INPA_INVE"/>
        <CustomField name="StartDateDIEM" detailFieldTypeIID="3"
            extraInfo="Start Date" isRequired="false" isDataMart="true" isTimeZoneIndependent="false"/>
        <CustomField name="StatusDIEM" detailFieldTypeIID="6"
            extraInfo="Status" isRequired="false" isDataMart="true"
            isTimeZoneIndependent="false" table="EMIS"/>
        <CustomField name="StatuteLimitationDIEM" detailFieldTypeIID="3"
            extraInfo="Statute of Limitation" isRequired="false"
            isDataMart="true" isTimeZoneIndependent="false"/>
        <CustomField name="WitnessDIEM" detailFieldTypeIID="8"
            extraInfo="Witness" isRequired="false" isDataMart="true"
            isTimeZoneIndependent="false" invlCategory="INPA_WITN"/>
    </CustomFields>
</WFObjdCategory>
