<?xml version="1.0" encoding="UTF-8"?>
<WFObjdCategory treePosition="DISP_INPR">
    <CustomFields>
        <CustomField name="BrandedDIIP" defaultValue="Unchecked"
            detailFieldTypeIID="5" extraInfo="Branded?"
            isRequired="false" isDataMart="true" isTimeZoneIndependent="false"/>
        <CustomField name="DescriptionDIIP" detailFieldTypeIID="9"
            extraInfo="Description" isRequired="false" isDataMart="true" isTimeZoneIndependent="false"/>
        <CustomField name="FilingDIIP" detailFieldTypeIID="3"
            extraInfo="Filing Date" isRequired="false" isDataMart="true" isTimeZoneIndependent="true"/>
        <CustomField name="NameDIIP" detailFieldTypeIID="1"
            extraInfo="Name/Title" isRequired="false" isDataMart="true" isTimeZoneIndependent="false"/>
        <CustomField name="ParaIVDIIP" detailFieldTypeIID="6"
            extraInfo="Para IV" isRequired="false" isDataMart="true"
            isTimeZoneIndependent="false" table="YSNO"/>
        <CustomField name="PatentNumDIIP" detailFieldTypeIID="1"
            extraInfo="Patent Number" isRequired="false"
            isDataMart="true" isTimeZoneIndependent="false"/>
        <CustomField name="ProductDIIP" detailFieldTypeIID="1"
            extraInfo="Product" isRequired="false" isDataMart="true" isTimeZoneIndependent="false"/>
        <CustomField name="ProjectDIIP" detailFieldTypeIID="11"
            extraInfo="Project Name" isRequired="false"
            isDataMart="true" isTimeZoneIndependent="false"
            searchView="DefaultSearchModule" objectDefinition="PATE"/>
        <CustomField name="PSNumDIIP" detailFieldTypeIID="1"
            extraInfo="PS Number" isRequired="false" isDataMart="true" isTimeZoneIndependent="false"/>
        <CustomField name="RegDateDIIP" detailFieldTypeIID="3"
            extraInfo="Regitration Date" isRequired="false"
            isDataMart="true" isTimeZoneIndependent="true"/>
        <CustomField name="RegNumDIIP" detailFieldTypeIID="1"
            extraInfo="Registration No." isRequired="false"
            isDataMart="true" isTimeZoneIndependent="false"/>
        <CustomField name="SerialDIIP" detailFieldTypeIID="1"
            extraInfo="Serial/Application No." isRequired="false"
            isDataMart="true" isTimeZoneIndependent="false"/>
        <CustomField name="StatusDIIP" detailFieldTypeIID="6"
            extraInfo="Status" isRequired="false" isDataMart="true"
            isTimeZoneIndependent="false" table="IPST"/>
    </CustomFields>
</WFObjdCategory>
