<?xml version="1.0" encoding="UTF-8"?>
<WFObjdCategory treePosition="DISP_SUBP">
    <CustomFields>
        <CustomField name="AppearanceDateSU" detailFieldTypeIID="3"
            extraInfo="Appearance Date &amp; Time" isRequired="false"
            isDataMart="true" isTimeZoneIndependent="false"/>
        <CustomField name="BriefDescOfInfoSU" detailFieldTypeIID="1"
            extraInfo="Brief Description of information sought"
            isRequired="false" isDataMart="true" isTimeZoneIndependent="false"/>
        <CustomField name="CoveredByProtOrderSU"
            defaultValue="Unchecked" detailFieldTypeIID="5"
            extraInfo="Covered by Prot. Order?" isRequired="false"
            isDataMart="true" isTimeZoneIndependent="false"/>
        <CustomField name="DateDueSU" detailFieldTypeIID="3"
            extraInfo="Date Due" isRequired="false" isDataMart="true" isTimeZoneIndependent="false"/>
        <CustomField name="DateReceivedSU" detailFieldTypeIID="3"
            extraInfo="Date Rec'd" isRequired="false" isDataMart="true" isTimeZoneIndependent="false"/>
        <CustomField name="DeliverySU" detailFieldTypeIID="6"
            extraInfo="Method of Delivery" isRequired="false"
            isDataMart="true" isTimeZoneIndependent="false" table="BIDM"/>
        <CustomField name="DocketNoSU" detailFieldTypeIID="1"
            extraInfo="Docket No" isRequired="false" isDataMart="true" isTimeZoneIndependent="false"/>
        <CustomField name="IssuingCourtSU" detailFieldTypeIID="8"
            extraInfo="Issuing Court" isRequired="false"
            isDataMart="true" isTimeZoneIndependent="false"
            invlCategory="INPA_COUR" searchView="CourtSearch"/>
        <CustomField name="LocationSU" detailFieldTypeIID="1"
            extraInfo="Location" isRequired="false" isDataMart="true" isTimeZoneIndependent="false"/>
        <CustomField name="ObjectedToSU" defaultValue="Unchecked"
            detailFieldTypeIID="5" extraInfo="Objected to"
            isRequired="false" isDataMart="true" isTimeZoneIndependent="false"/>
        <CustomField name="PartyServingSubpoenaSU"
            detailFieldTypeIID="1" extraInfo="Party Serving Subpoena"
            isRequired="false" isDataMart="true" isTimeZoneIndependent="false"/>
        <CustomField name="PersonSU" detailFieldTypeIID="8"
            extraInfo="Person/Entity ordered to Appear"
            isRequired="false" isDataMart="true"
            isTimeZoneIndependent="false" invlCategory="INPA_ENTY" searchView="SearchforContacts"/>
        <CustomField name="ProtectiveOrderExistsSU"
            defaultValue="Unchecked" detailFieldTypeIID="5"
            extraInfo="Protective Order Exists" isRequired="false"
            isDataMart="true" isTimeZoneIndependent="false"/>
        <CustomField name="RejectionSU" detailFieldTypeIID="3"
            extraInfo="Rejection Letter Sent" isRequired="false"
            isDataMart="true" isTimeZoneIndependent="true"/>
        <CustomField name="RespondedDateSU" detailFieldTypeIID="3"
            extraInfo="Responded Date" isRequired="false"
            isDataMart="true" isTimeZoneIndependent="false"/>
        <CustomField name="TypeOfSubpoenaSU" detailFieldTypeIID="6"
            extraInfo="Type of Subpoena" isRequired="false"
            isDataMart="true" isTimeZoneIndependent="false" table="SUBP"/>
    </CustomFields>
</WFObjdCategory>
