<?xml version="1.0" encoding="UTF-8"?>
<WFObjdCategory treePosition="DISP_AGAC">
    <CustomFields>
        <CustomField name="AgencyAA" detailFieldTypeIID="8"
            extraInfo="Agency" isRequired="false" isDataMart="true"
            isTimeZoneIndependent="false" invlCategory="INPA_AGEN"/>
        <CustomField name="EmployeeAA" detailFieldTypeIID="1"
            extraInfo="Employee" isRequired="false" isDataMart="true" isTimeZoneIndependent="false"/>
        <CustomField name="EmployeeStatusAA" detailFieldTypeIID="6"
            extraInfo="Employee Status" isRequired="false"
            isDataMart="true" isTimeZoneIndependent="false" table="BIES"/>
        <CustomField name="EmployeeSuperAA" detailFieldTypeIID="1"
            extraInfo="Employee Supervisor" isRequired="false"
            isDataMart="true" isTimeZoneIndependent="false"/>
        <CustomField name="FiledAA" detailFieldTypeIID="3"
            extraInfo="Date Filed" isRequired="false" isDataMart="true" isTimeZoneIndependent="true"/>
        <CustomField name="FirstNotifiedAA" detailFieldTypeIID="3"
            extraInfo="Date First Notified" isRequired="false"
            isDataMart="true" isTimeZoneIndependent="true"/>
        <CustomField name="RightToSueAA" detailFieldTypeIID="3"
            extraInfo="Date Right to Sue Issued" isRequired="false"
            isDataMart="true" isTimeZoneIndependent="true"/>
        <CustomField name="StatusAA" detailFieldTypeIID="6"
            extraInfo="Status" isRequired="false" isDataMart="true"
            isTimeZoneIndependent="false" table="EMIS"/>
        <CustomField name="WitnessAA" detailFieldTypeIID="8"
            extraInfo="Witness" isRequired="false" isDataMart="true"
            isTimeZoneIndependent="false" invlCategory="INPA_WITN"/>
    </CustomFields>
</WFObjdCategory>
